1,29,4,6,16,Flat-101,1
1,29,4,6,16,Flat-102,1
1,29,4,6,16,Flat-103,1
1,29,4,6,16,Flat-104,1
1,29,4,6,16,Flat-105,1
1,29,4,6,16,Flat-106,1
1,29,4,6,16,Flat-107,1
1,29,4,6,16,Flat-108,1
1,29,4,6,16,Flat-109,1
1,29,4,6,16,Flat-110,1
1,29,4,6,16,Flat-111,1
1,29,4,6,16,Flat-112,1
1,29,4,6,16,Flat-113,1
1,29,4,6,16,Flat-114,1
1,29,4,6,16,Flat-115,1
1,29,4,6,16,Flat-116,1
1,29,4,6,16,Flat-117,1
1,29,4,6,16,Flat-118,1
1,29,4,6,16,Flat-119,1
1,29,4,6,16,Flat-120,1
1,29,4,6,16,Flat-121,1
1,29,4,6,16,Flat-122,1
